Dataset,Noise,Model,Accuracy,F1 Score,Precision,Recall
AG News Full,AddRandomCharsNoise,LLMClassifier,0.728,0.7600729534175612,0.8578882032681799,0.728
AG News Full,AddRandomWordsNoise,LLMClassifier,0.738,0.7538593524202497,0.8183646036737016,0.738
AG News Full,DeleteRandomWordsNoise,LLMClassifier,0.73,0.7558199973381534,0.8455290436731963,0.73
AG News Full,NoNoise,LLMClassifier,0.728,0.7549452038970711,0.8528574299644299,0.728
AG News Full,ReplaceWithAntonymsNoise,LLMClassifier,0.736,0.7589250818828789,0.8489587938213582,0.736
AG News Full,ReplaceWithSynonymsNoise,LLMClassifier,0.736,0.7584939361580433,0.8537262034349758,0.736
AG News Full,ShuffleSentencesNoise,LLMClassifier,0.732,0.7577129586260734,0.8544009224431741,0.732
