Dataset,Noise,Model,Accuracy,F1 Score,Precision,Recall
BBC News Full,AddRandomCharsNoise,LLMClassifier,0.926,0.9256435158502524,0.930757486631016,0.926
BBC News Full,AddRandomWordsNoise,LLMClassifier,0.932,0.9314400397176518,0.9363146464646466,0.932
BBC News Full,DeleteRandomWordsNoise,LLMClassifier,0.932,0.9302104110578783,0.9332368273528119,0.932
BBC News Full,NoNoise,LLMClassifier,0.924,0.9226306472369965,0.9264544022154316,0.924
BBC News Full,ReplaceWithAntonymsNoise,LLMClassifier,0.924,0.9224492987273273,0.9248541168904979,0.924
BBC News Full,ReplaceWithSynonymsNoise,LLMClassifier,0.924,0.9236692242786638,0.9278850394703336,0.924
BBC News Full,ShuffleSentencesNoise,LLMClassifier,0.934,0.9300046253951184,0.9304193956831746,0.934
